Workbook

Sheet Instrucciones
A1: Cómo usar este archivo
A3: 1. Listas: opciones de las listas desplegables (líneas, empaques, medidas, marcas). Agrega nuevas al final de cada columna.
A4: 2. Maestro: tu catálogo de productos, sin precios. Un producto por fila, con un código interno único (P001, P002…).
A5: se_vende_por: Unidad (por empaque o pieza) o Peso (granel, por libras y cuartos). Para Peso deja vacíos empaque, contenido y medida.
A6: codigo_barras: opcional, se copia del empaque. Los productos a granel no tienen.
A7: 3. Una hoja por tienda (ej. Tienda Demo): llenas solo las columnas amarillas.
A8: codigo: tu código del Maestro, escógelo de la lista. codigo_tienda: opcional, el código del tendero si tiene. Lo demás se llena solo.
A9: precio: precio de venta de esa tienda, solo el número (ej. 5000). Para Peso, el precio de 1 libra.
A10: disponible: Sí o No. Con No, el producto no aparece en la página, pero no se borra.
A11: 4. Para una tienda nueva: clic derecho en la pestaña Tienda Demo > Mover o copiar > Crear una copia, y cámbiale el nombre.
A13: Los precios de Tienda Demo son de ejemplo.

Sheet Listas
A1: linea | B1: empaque | C1: medida | D1: marca | E1: se_vende_por | F1: disponible
A2: Lácteos | B2: Unidad | C2: ml | D2: Alquería | E2: Unidad | F2: Sí
A3: Despensa | B3: Bolsa | C3: litro | D3: Colanta | E3: Peso | F3: No
A4: Bebidas | B4: Botella plástica | C4: g | D4: Cristal
A5: Aseo | B5: Botella vidrio | C5: kg | D5: Diana
A6: Panadería | B6: Caja | C6: libra | D6: El Rey
A7: Fruver | B7: Lata | C7: unidades | D7: La Constancia
A8: Carnes | B8: Paca | C8: huevos | D8: Olivetto
A9: Snacks | B9: Cubeta | D9: Ricocina
A10: Granos | B10: Frasco | D10: Samario
B11: Sobre
B12: Tarro

Sheet Maestro
A1: codigo | B1: codigo_barras | C1: producto | D1: marca | E1: empaque | F1: contenido | G1: medida | H1: linea | I1: se_vende_por
A2: P001 | C2: Vinagre blanco | D2: Ricocina | E2: Botella plástica | F2: 500 | G2: ml | H2: Despensa | I2: Unidad
A3: P002 | B3: 7702511000014 | C3: Arroz | D3: Diana | E3: Bolsa | F3: 1 | G3: libra | H3: Despensa | I3: Unidad
A4: P003 | C4: Agua | D4: Cristal | E4: Paca | F4: 6 | G4: unidades | H4: Bebidas | I4: Unidad
A5: P004 | C5: Huevos AA | E5: Cubeta | F5: 30 | G5: huevos | H5: Despensa | I5: Unidad
A6: P005 | C6: Pan de bono | E6: Unidad | H6: Panadería | I6: Unidad
A7: P006 | C7: Leche | D7: Alquería | E7: Bolsa | F7: 500 | G7: ml | H7: Lácteos | I7: Unidad
A8: P007 | C8: Leche en polvo | D8: Alquería | E8: Bolsa | F8: 250 | G8: g | H8: Lácteos | I8: Unidad
A9: P008 | C9: Aceite de oliva | D9: Olivetto | E9: Botella vidrio | F9: 500 | G9: ml | H9: Despensa | I9: Unidad
A10: P009 | C10: Aceite vegetal | D10: Samario | E10: Botella plástica | F10: 500 | G10: ml | H10: Despensa | I10: Unidad
A11: P010 | C11: Condimento comino | D11: El Rey | E11: Caja | F11: 250 | G11: g | H11: Despensa | I11: Unidad
A12: P011 | C12: Vinagre blanco | D12: La Constancia | E12: Botella plástica | F12: 500 | G12: ml | H12: Despensa | I12: Unidad
A13: P012 | C13: Carne molida | H13: Carnes | I13: Peso
A14: P013 | C14: Queso costeño | H14: Lácteos | I14: Peso

Sheet Tienda Demo
A1: codigo | B1: codigo_tienda | C1: producto | D1: marca | E1: presentacion | F1: linea | G1: se_vende_por | H1: precio | I1: disponible
A2: P001 | C2: =IF($A2="","",IFERROR(INDEX(Maestro!$C:$C,MATCH($A2,Maestro!$A:$A,0)),"Código no existe")) -> Vinagre blanco | D2: =IF($A2="","",IFERROR(INDEX(Maestro!$D:$D,MATCH($A2,Maestro!$A:$A,0))&"","")) -> Ricocina | E2: =IF($A2="","",IFERROR(IF(INDEX(Maestro!$I:$I,MATCH($A2,Maestro!$A:$A,0))="Peso","Por libra",TRIM(INDEX(Maestro!$E:$E,MATCH($A2,Maestro!$A:$A,0))&" "&INDEX(Maestro!$F:$F,MATCH($A2,Maestro!$A:$A,0))&" "&INDEX(Maestro!$G:$G,MATCH($A2,Maestro!$A:$A,0)))),"")) -> Botella plástica 500 ml | F2: =IF($A2="","",IFERROR(INDEX(Maestro!$H:$H,MATCH($A2,Maestro!$A:$A,0))&"","")) -> Despensa | G2: =IF($A2="","",IFERROR(INDEX(Maestro!$I:$I,MATCH($A2,Maestro!$A:$A,0))&"","")) -> Unidad | H2: 5000 | I2: Sí
A3: P002 | C3: =IF($A3="","",IFERROR(INDEX(Maestro!$C:$C,MATCH($A3,Maestro!$A:$A,0)),"Código no existe")) -> Arroz | D3: =IF($A3="","",IFERROR(INDEX(Maestro!$D:$D,MATCH($A3,Maestro!$A:$A,0))&"","")) -> Diana | E3: =IF($A3="","",IFERROR(IF(INDEX(Maestro!$I:$I,MATCH($A3,Maestro!$A:$A,0))="Peso","Por libra",TRIM(INDEX(Maestro!$E:$E,MATCH($A3,Maestro!$A:$A,0))&" "&INDEX(Maestro!$F:$F,MATCH($A3,Maestro!$A:$A,0))&" "&INDEX(Maestro!$G:$G,MATCH($A3,Maestro!$A:$A,0)))),"")) -> Bolsa 1 libra | F3: =IF($A3="","",IFERROR(INDEX(Maestro!$H:$H,MATCH($A3,Maestro!$A:$A,0))&"","")) -> Despensa | G3: =IF($A3="","",IFERROR(INDEX(Maestro!$I:$I,MATCH($A3,Maestro!$A:$A,0))&"","")) -> Unidad | H3: 2800 | I3: Sí
A4: P003 | C4: =IF($A4="","",IFERROR(INDEX(Maestro!$C:$C,MATCH($A4,Maestro!$A:$A,0)),"Código no existe")) -> Agua | D4: =IF($A4="","",IFERROR(INDEX(Maestro!$D:$D,MATCH($A4,Maestro!$A:$A,0))&"","")) -> Cristal | E4: =IF($A4="","",IFERROR(IF(INDEX(Maestro!$I:$I,MATCH($A4,Maestro!$A:$A,0))="Peso","Por libra",TRIM(INDEX(Maestro!$E:$E,MATCH($A4,Maestro!$A:$A,0))&" "&INDEX(Maestro!$F:$F,MATCH($A4,Maestro!$A:$A,0))&" "&INDEX(Maestro!$G:$G,MATCH($A4,Maestro!$A:$A,0)))),"")) -> Paca 6 unidades | F4: =IF($A4="","",IFERROR(INDEX(Maestro!$H:$H,MATCH($A4,Maestro!$A:$A,0))&"","")) -> Bebidas | G4: =IF($A4="","",IFERROR(INDEX(Maestro!$I:$I,MATCH($A4,Maestro!$A:$A,0))&"","")) -> Unidad | H4: 11000 | I4: Sí
A5: P004 | C5: =IF($A5="","",IFERROR(INDEX(Maestro!$C:$C,MATCH($A5,Maestro!$A:$A,0)),"Código no existe")) -> Huevos AA | D5: =IF($A5="","",IFERROR(INDEX(Maestro!$D:$D,MATCH($A5,Maestro!$A:$A,0))&"","")) | E5: =IF($A5="","",IFERROR(IF(INDEX(Maestro!$I:$I,MATCH($A5,Maestro!$A:$A,0))="Peso","Por libra",TRIM(INDEX(Maestro!$E:$E,MATCH($A5,Maestro!$A:$A,0))&" "&INDEX(Maestro!$F:$F,MATCH($A5,Maestro!$A:$A,0))&" "&INDEX(Maestro!$G:$G,MATCH($A5,Maestro!$A:$A,0)))),"")) -> Cubeta 30 huevos | F5: =IF($A5="","",IFERROR(INDEX(Maestro!$H:$H,MATCH($A5,Maestro!$A:$A,0))&"","")) -> Despensa | G5: =IF($A5="","",IFERROR(INDEX(Maestro!$I:$I,MATCH($A5,Maestro!$A:$A,0))&"","")) -> Unidad | H5: 18000 | I5: Sí
A6: P005 | C6: =IF($A6="","",IFERROR(INDEX(Maestro!$C:$C,MATCH($A6,Maestro!$A:$A,0)),"Código no existe")) -> Pan de bono | D6: =IF($A6="","",IFERROR(INDEX(Maestro!$D:$D,MATCH($A6,Maestro!$A:$A,0))&"","")) | E6: =IF($A6="","",IFERROR(IF(INDEX(Maestro!$I:$I,MATCH($A6,Maestro!$A:$A,0))="Peso","Por libra",TRIM(INDEX(Maestro!$E:$E,MATCH($A6,Maestro!$A:$A,0))&" "&INDEX(Maestro!$F:$F,MATCH($A6,Maestro!$A:$A,0))&" "&INDEX(Maestro!$G:$G,MATCH($A6,Maestro!$A:$A,0)))),"")) -> Unidad | F6: =IF($A6="","",IFERROR(INDEX(Maestro!$H:$H,MATCH($A6,Maestro!$A:$A,0))&"","")) -> Panadería | G6: =IF($A6="","",IFERROR(INDEX(Maestro!$I:$I,MATCH($A6,Maestro!$A:$A,0))&"","")) -> Unidad | H6: 1500 | I6: Sí
A7: P006 | C7: =IF($A7="","",IFERROR(INDEX(Maestro!$C:$C,MATCH($A7,Maestro!$A:$A,0)),"Código no existe")) -> Leche | D7: =IF($A7="","",IFERROR(INDEX(Maestro!$D:$D,MATCH($A7,Maestro!$A:$A,0))&"","")) -> Alquería | E7: =IF($A7="","",IFERROR(IF(INDEX(Maestro!$I:$I,MATCH($A7,Maestro!$A:$A,0))="Peso","Por libra",TRIM(INDEX(Maestro!$E:$E,MATCH($A7,Maestro!$A:$A,0))&" "&INDEX(Maestro!$F:$F,MATCH($A7,Maestro!$A:$A,0))&" "&INDEX(Maestro!$G:$G,MATCH($A7,Maestro!$A:$A,0)))),"")) -> Bolsa 500 ml | F7: =IF($A7="","",IFERROR(INDEX(Maestro!$H:$H,MATCH($A7,Maestro!$A:$A,0))&"","")) -> Lácteos | G7: =IF($A7="","",IFERROR(INDEX(Maestro!$I:$I,MATCH($A7,Maestro!$A:$A,0))&"","")) -> Unidad | H7: 5000 | I7: Sí
A8: P007 | C8: =IF($A8="","",IFERROR(INDEX(Maestro!$C:$C,MATCH($A8,Maestro!$A:$A,0)),"Código no existe")) -> Leche en polvo | D8: =IF($A8="","",IFERROR(INDEX(Maestro!$D:$D,MATCH($A8,Maestro!$A:$A,0))&"","")) -> Alquería | E8: =IF($A8="","",IFERROR(IF(INDEX(Maestro!$I:$I,MATCH($A8,Maestro!$A:$A,0))="Peso","Por libra",TRIM(INDEX(Maestro!$E:$E,MATCH($A8,Maestro!$A:$A,0))&" "&INDEX(Maestro!$F:$F,MATCH($A8,Maestro!$A:$A,0))&" "&INDEX(Maestro!$G:$G,MATCH($A8,Maestro!$A:$A,0)))),"")) -> Bolsa 250 g | F8: =IF($A8="","",IFERROR(INDEX(Maestro!$H:$H,MATCH($A8,Maestro!$A:$A,0))&"","")) -> Lácteos | G8: =IF($A8="","",IFERROR(INDEX(Maestro!$I:$I,MATCH($A8,Maestro!$A:$A,0))&"","")) -> Unidad | H8: 2500 | I8: Sí
A9: P008 | C9: =IF($A9="","",IFERROR(INDEX(Maestro!$C:$C,MATCH($A9,Maestro!$A:$A,0)),"Código no existe")) -> Aceite de oliva | D9: =IF($A9="","",IFERROR(INDEX(Maestro!$D:$D,MATCH($A9,Maestro!$A:$A,0))&"","")) -> Olivetto | E9: =IF($A9="","",IFERROR(IF(INDEX(Maestro!$I:$I,MATCH($A9,Maestro!$A:$A,0))="Peso","Por libra",TRIM(INDEX(Maestro!$E:$E,MATCH($A9,Maestro!$A:$A,0))&" "&INDEX(Maestro!$F:$F,MATCH($A9,Maestro!$A:$A,0))&" "&INDEX(Maestro!$G:$G,MATCH($A9,Maestro!$A:$A,0)))),"")) -> Botella vidrio 500 ml | F9: =IF($A9="","",IFERROR(INDEX(Maestro!$H:$H,MATCH($A9,Maestro!$A:$A,0))&"","")) -> Despensa | G9: =IF($A9="","",IFERROR(INDEX(Maestro!$I:$I,MATCH($A9,Maestro!$A:$A,0))&"","")) -> Unidad | H9: 20000 | I9: Sí
A10: P009 | C10: =IF($A10="","",IFERROR(INDEX(Maestro!$C:$C,MATCH($A10,Maestro!$A:$A,0)),"Código no existe")) -> Aceite vegetal | D10: =IF($A10="","",IFERROR(INDEX(Maestro!$D:$D,MATCH($A10,Maestro!$A:$A,0))&"","")) -> Samario | E10: =IF($A10="","",IFERROR(IF(INDEX(Maestro!$I:$I,MATCH($A10,Maestro!$A:$A,0))="Peso","Por libra",TRIM(INDEX(Maestro!$E:$E,MATCH($A10,Maestro!$A:$A,0))&" "&INDEX(Maestro!$F:$F,MATCH($A10,Maestro!$A:$A,0))&" "&INDEX(Maestro!$G:$G,MATCH($A10,Maestro!$A:$A,0)))),"")) -> Botella plástica 500 ml | F10: =IF($A10="","",IFERROR(INDEX(Maestro!$H:$H,MATCH($A10,Maestro!$A:$A,0))&"","")) -> Despensa | G10: =IF($A10="","",IFERROR(INDEX(Maestro!$I:$I,MATCH($A10,Maestro!$A:$A,0))&"","")) -> Unidad | H10: 10000 | I10: Sí
A11: P010 | C11: =IF($A11="","",IFERROR(INDEX(Maestro!$C:$C,MATCH($A11,Maestro!$A:$A,0)),"Código no existe")) -> Condimento comino | D11: =IF($A11="","",IFERROR(INDEX(Maestro!$D:$D,MATCH($A11,Maestro!$A:$A,0))&"","")) -> El Rey | E11: =IF($A11="","",IFERROR(IF(INDEX(Maestro!$I:$I,MATCH($A11,Maestro!$A:$A,0))="Peso","Por libra",TRIM(INDEX(Maestro!$E:$E,MATCH($A11,Maestro!$A:$A,0))&" "&INDEX(Maestro!$F:$F,MATCH($A11,Maestro!$A:$A,0))&" "&INDEX(Maestro!$G:$G,MATCH($A11,Maestro!$A:$A,0)))),"")) -> Caja 250 g | F11: =IF($A11="","",IFERROR(INDEX(Maestro!$H:$H,MATCH($A11,Maestro!$A:$A,0))&"","")) -> Despensa | G11: =IF($A11="","",IFERROR(INDEX(Maestro!$I:$I,MATCH($A11,Maestro!$A:$A,0))&"","")) -> Unidad | H11: 10000 | I11: Sí
A12: P011 | C12: =IF($A12="","",IFERROR(INDEX(Maestro!$C:$C,MATCH($A12,Maestro!$A:$A,0)),"Código no existe")) -> Vinagre blanco | D12: =IF($A12="","",IFERROR(INDEX(Maestro!$D:$D,MATCH($A12,Maestro!$A:$A,0))&"","")) -> La Constancia | E12: =IF($A12="","",IFERROR(IF(INDEX(Maestro!$I:$I,MATCH($A12,Maestro!$A:$A,0))="Peso","Por libra",TRIM(INDEX(Maestro!$E:$E,MATCH($A12,Maestro!$A:$A,0))&" "&INDEX(Maestro!$F:$F,MATCH($A12,Maestro!$A:$A,0))&" "&INDEX(Maestro!$G:$G,MATCH($A12,Maestro!$A:$A,0)))),"")) -> Botella plástica 500 ml | F12: =IF($A12="","",IFERROR(INDEX(Maestro!$H:$H,MATCH($A12,Maestro!$A:$A,0))&"","")) -> Despensa | G12: =IF($A12="","",IFERROR(INDEX(Maestro!$I:$I,MATCH($A12,Maestro!$A:$A,0))&"","")) -> Unidad | H12: 4800 | I12: Sí
A13: P012 | C13: =IF($A13="","",IFERROR(INDEX(Maestro!$C:$C,MATCH($A13,Maestro!$A:$A,0)),"Código no existe")) -> Carne molida | D13: =IF($A13="","",IFERROR(INDEX(Maestro!$D:$D,MATCH($A13,Maestro!$A:$A,0))&"","")) | E13: =IF($A13="","",IFERROR(IF(INDEX(Maestro!$I:$I,MATCH($A13,Maestro!$A:$A,0))="Peso","Por libra",TRIM(INDEX(Maestro!$E:$E,MATCH($A13,Maestro!$A:$A,0))&" "&INDEX(Maestro!$F:$F,MATCH($A13,Maestro!$A:$A,0))&" "&INDEX(Maestro!$G:$G,MATCH($A13,Maestro!$A:$A,0)))),"")) -> Por libra | F13: =IF($A13="","",IFERROR(INDEX(Maestro!$H:$H,MATCH($A13,Maestro!$A:$A,0))&"","")) -> Carnes | G13: =IF($A13="","",IFERROR(INDEX(Maestro!$I:$I,MATCH($A13,Maestro!$A:$A,0))&"","")) -> Peso | H13: 12000 | I13: Sí
A14: P013 | C14: =IF($A14="","",IFERROR(INDEX(Maestro!$C:$C,MATCH($A14,Maestro!$A:$A,0)),"Código no existe")) -> Queso costeño | D14: =IF($A14="","",IFERROR(INDEX(Maestro!$D:$D,MATCH($A14,Maestro!$A:$A,0))&"","")) | E14: =IF($A14="","",IFERROR(IF(INDEX(Maestro!$I:$I,MATCH($A14,Maestro!$A:$A,0))="Peso","Por libra",TRIM(INDEX(Maestro!$E:$E,MATCH($A14,Maestro!$A:$A,0))&" "&INDEX(Maestro!$F:$F,MATCH($A14,Maestro!$A:$A,0))&" "&INDEX(Maestro!$G:$G,MATCH($A14,Maestro!$A:$A,0)))),"")) -> Por libra | F14: =IF($A14="","",IFERROR(INDEX(Maestro!$H:$H,MATCH($A14,Maestro!$A:$A,0))&"","")) -> Lácteos | G14: =IF($A14="","",IFERROR(INDEX(Maestro!$I:$I,MATCH($A14,Maestro!$A:$A,0))&"","")) -> Peso | H14: 20000 | I14: Sí
C15: =IF($A15="","",IFERROR(INDEX(Maestro!$C:$C,MATCH($A15,Maestro!$A:$A,0)),"Código no existe")) | D15: =IF($A15="","",IFERROR(INDEX(Maestro!$D:$D,MATCH($A15,Maestro!$A:$A,0))&"","")) | E15: =IF($A15="","",IFERROR(IF(INDEX(Maestro!$I:$I,MATCH($A15,Maestro!$A:$A,0))="Peso","Por libra",TRIM(INDEX(Maestro!$E:$E,MATCH($A15,Maestro!$A:$A,0))&" "&INDEX(Maestro!$F:$F,MATCH($A15,Maestro!$A:$A,0))&" "&INDEX(Maestro!$G:$G,MATCH($A15,Maestro!$A:$A,0)))),"")) | F15: =IF($A15="","",IFERROR(INDEX(Maestro!$H:$H,MATCH($A15,Maestro!$A:$A,0))&"","")) | G15: =IF($A15="","",IFERROR(INDEX(Maestro!$I:$I,MATCH($A15,Maestro!$A:$A,0))&"",""))
C16: =IF($A16="","",IFERROR(INDEX(Maestro!$C:$C,MATCH($A16,Maestro!$A:$A,0)),"Código no existe")) | D16: =IF($A16="","",IFERROR(INDEX(Maestro!$D:$D,MATCH($A16,Maestro!$A:$A,0))&"","")) | E16: =IF($A16="","",IFERROR(IF(INDEX(Maestro!$I:$I,MATCH($A16,Maestro!$A:$A,0))="Peso","Por libra",TRIM(INDEX(Maestro!$E:$E,MATCH($A16,Maestro!$A:$A,0))&" "&INDEX(Maestro!$F:$F,MATCH($A16,Maestro!$A:$A,0))&" "&INDEX(Maestro!$G:$G,MATCH($A16,Maestro!$A:$A,0)))),"")) | F16: =IF($A16="","",IFERROR(INDEX(Maestro!$H:$H,MATCH($A16,Maestro!$A:$A,0))&"","")) | G16: =IF($A16="","",IFERROR(INDEX(Maestro!$I:$I,MATCH($A16,Maestro!$A:$A,0))&"",""))
C17: =IF($A17="","",IFERROR(INDEX(Maestro!$C:$C,MATCH($A17,Maestro!$A:$A,0)),"Código no existe")) | D17: =IF($A17="","",IFERROR(INDEX(Maestro!$D:$D,MATCH($A17,Maestro!$A:$A,0))&"","")) | E17: =IF($A17="","",IFERROR(IF(INDEX(Maestro!$I:$I,MATCH($A17,Maestro!$A:$A,0))="Peso","Por libra",TRIM(INDEX(Maestro!$E:$E,MATCH($A17,Maestro!$A:$A,0))&" "&INDEX(Maestro!$F:$F,MATCH($A17,Maestro!$A:$A,0))&" "&INDEX(Maestro!$G:$G,MATCH($A17,Maestro!$A:$A,0)))),"")) | F17: =IF($A17="","",IFERROR(INDEX(Maestro!$H:$H,MATCH($A17,Maestro!$A:$A,0))&"","")) | G17: =IF($A17="","",IFERROR(INDEX(Maestro!$I:$I,MATCH($A17,Maestro!$A:$A,0))&"",""))
C18: =IF($A18="","",IFERROR(INDEX(Maestro!$C:$C,MATCH($A18,Maestro!$A:$A,0)),"Código no existe")) | D18: =IF($A18="","",IFERROR(INDEX(Maestro!$D:$D,MATCH($A18,Maestro!$A:$A,0))&"","")) | E18: =IF($A18="","",IFERROR(IF(INDEX(Maestro!$I:$I,MATCH($A18,Maestro!$A:$A,0))="Peso","Por libra",TRIM(INDEX(Maestro!$E:$E,MATCH($A18,Maestro!$A:$A,0))&" "&INDEX(Maestro!$F:$F,MATCH($A18,Maestro!$A:$A,0))&" "&INDEX(Maestro!$G:$G,MATCH($A18,Maestro!$A:$A,0)))),"")) | F18: =IF($A18="","",IFERROR(INDEX(Maestro!$H:$H,MATCH($A18,Maestro!$A:$A,0))&"","")) | G18: =IF($A18="","",IFERROR(INDEX(Maestro!$I:$I,MATCH($A18,Maestro!$A:$A,0))&"",""))
C19: =IF($A19="","",IFERROR(INDEX(Maestro!$C:$C,MATCH($A19,Maestro!$A:$A,0)),"Código no existe")) | D19: =IF($A19="","",IFERROR(INDEX(Maestro!$D:$D,MATCH($A19,Maestro!$A:$A,0))&"","")) | E19: =IF($A19="","",IFERROR(IF(INDEX(Maestro!$I:$I,MATCH($A19,Maestro!$A:$A,0))="Peso","Por libra",TRIM(INDEX(Maestro!$E:$E,MATCH($A19,Maestro!$A:$A,0))&" "&INDEX(Maestro!$F:$F,MATCH($A19,Maestro!$A:$A,0))&" "&INDEX(Maestro!$G:$G,MATCH($A19,Maestro!$A:$A,0)))),"")) | F19: =IF($A19="","",IFERROR(INDEX(Maestro!$H:$H,MATCH($A19,Maestro!$A:$A,0))&"","")) | G19: =IF($A19="","",IFERROR(INDEX(Maestro!$I:$I,MATCH($A19,Maestro!$A:$A,0))&"",""))
C20: =IF($A20="","",IFERROR(INDEX(Maestro!$C:$C,MATCH($A20,Maestro!$A:$A,0)),"Código no existe")) | D20: =IF($A20="","",IFERROR(INDEX(Maestro!$D:$D,MATCH($A20,Maestro!$A:$A,0))&"","")) | E20: =IF($A20="","",IFERROR(IF(INDEX(Maestro!$I:$I,MATCH($A20,Maestro!$A:$A,0))="Peso","Por libra",TRIM(INDEX(Maestro!$E:$E,MATCH($A20,Maestro!$A:$A,0))&" "&INDEX(Maestro!$F:$F,MATCH($A20,Maestro!$A:$A,0))&" "&INDEX(Maestro!$G:$G,MATCH($A20,Maestro!$A:$A,0)))),"")) | F20: =IF($A20="","",IFERROR(INDEX(Maestro!$H:$H,MATCH($A20,Maestro!$A:$A,0))&"","")) | G20: =IF($A20="","",IFERROR(INDEX(Maestro!$I:$I,MATCH($A20,Maestro!$A:$A,0))&"",""))
C21: =IF($A21="","",IFERROR(INDEX(Maestro!$C:$C,MATCH($A21,Maestro!$A:$A,0)),"Código no existe")) | D21: =IF($A21="","",IFERROR(INDEX(Maestro!$D:$D,MATCH($A21,Maestro!$A:$A,0))&"","")) | E21: =IF($A21="","",IFERROR(IF(INDEX(Maestro!$I:$I,MATCH($A21,Maestro!$A:$A,0))="Peso","Por libra",TRIM(INDEX(Maestro!$E:$E,MATCH($A21,Maestro!$A:$A,0))&" "&INDEX(Maestro!$F:$F,MATCH($A21,Maestro!$A:$A,0))&" "&INDEX(Maestro!$G:$G,MATCH($A21,Maestro!$A:$A,0)))),"")) | F21: =IF($A21="","",IFERROR(INDEX(Maestro!$H:$H,MATCH($A21,Maestro!$A:$A,0))&"","")) | G21: =IF($A21="","",IFERROR(INDEX(Maestro!$I:$I,MATCH($A21,Maestro!$A:$A,0))&"",""))
C22: =IF($A22="","",IFERROR(INDEX(Maestro!$C:$C,MATCH($A22,Maestro!$A:$A,0)),"Código no existe")) | D22: =IF($A22="","",IFERROR(INDEX(Maestro!$D:$D,MATCH($A22,Maestro!$A:$A,0))&"","")) | E22: =IF($A22="","",IFERROR(IF(INDEX(Maestro!$I:$I,MATCH($A22,Maestro!$A:$A,0))="Peso","Por libra",TRIM(INDEX(Maestro!$E:$E,MATCH($A22,Maestro!$A:$A,0))&" "&INDEX(Maestro!$F:$F,MATCH($A22,Maestro!$A:$A,0))&" "&INDEX(Maestro!$G:$G,MATCH($A22,Maestro!$A:$A,0)))),"")) | F22: =IF($A22="","",IFERROR(INDEX(Maestro!$H:$H,MATCH($A22,Maestro!$A:$A,0))&"","")) | G22: =IF($A22="","",IFERROR(INDEX(Maestro!$I:$I,MATCH($A22,Maestro!$A:$A,0))&"",""))
C23: =IF($A23="","",IFERROR(INDEX(Maestro!$C:$C,MATCH($A23,Maestro!$A:$A,0)),"Código no existe")) | D23: =IF($A23="","",IFERROR(INDEX(Maestro!$D:$D,MATCH($A23,Maestro!$A:$A,0))&"","")) | E23: =IF($A23="","",IFERROR(IF(INDEX(Maestro!$I:$I,MATCH($A23,Maestro!$A:$A,0))="Peso","Por libra",TRIM(INDEX(Maestro!$E:$E,MATCH($A23,Maestro!$A:$A,0))&" "&INDEX(Maestro!$F:$F,MATCH($A23,Maestro!$A:$A,0))&" "&INDEX(Maestro!$G:$G,MATCH($A23,Maestro!$A:$A,0)))),"")) | F23: =IF($A23="","",IFERROR(INDEX(Maestro!$H:$H,MATCH($A23,Maestro!$A:$A,0))&"","")) | G23: =IF($A23="","",IFERROR(INDEX(Maestro!$I:$I,MATCH($A23,Maestro!$A:$A,0))&"",""))
C24: =IF($A24="","",IFERROR(INDEX(Maestro!$C:$C,MATCH($A24,Maestro!$A:$A,0)),"Código no existe")) | D24: =IF($A24="","",IFERROR(INDEX(Maestro!$D:$D,MATCH($A24,Maestro!$A:$A,0))&"","")) | E24: =IF($A24="","",IFERROR(IF(INDEX(Maestro!$I:$I,MATCH($A24,Maestro!$A:$A,0))="Peso","Por libra",TRIM(INDEX(Maestro!$E:$E,MATCH($A24,Maestro!$A:$A,0))&" "&INDEX(Maestro!$F:$F,MATCH($A24,Maestro!$A:$A,0))&" "&INDEX(Maestro!$G:$G,MATCH($A24,Maestro!$A:$A,0)))),"")) | F24: =IF($A24="","",IFERROR(INDEX(Maestro!$H:$H,MATCH($A24,Maestro!$A:$A,0))&"","")) | G24: =IF($A24="","",IFERROR(INDEX(Maestro!$I:$I,MATCH($A24,Maestro!$A:$A,0))&"",""))
C25: =IF($A25="","",IFERROR(INDEX(Maestro!$C:$C,MATCH($A25,Maestro!$A:$A,0)),"Código no existe")) | D25: =IF($A25="","",IFERROR(INDEX(Maestro!$D:$D,MATCH($A25,Maestro!$A:$A,0))&"","")) | E25: =IF($A25="","",IFERROR(IF(INDEX(Maestro!$I:$I,MATCH($A25,Maestro!$A:$A,0))="Peso","Por libra",TRIM(INDEX(Maestro!$E:$E,MATCH($A25,Maestro!$A:$A,0))&" "&INDEX(Maestro!$F:$F,MATCH($A25,Maestro!$A:$A,0))&" "&INDEX(Maestro!$G:$G,MATCH($A25,Maestro!$A:$A,0)))),"")) | F25: =IF($A25="","",IFERROR(INDEX(Maestro!$H:$H,MATCH($A25,Maestro!$A:$A,0))&"","")) | G25: =IF($A25="","",IFERROR(INDEX(Maestro!$I:$I,MATCH($A25,Maestro!$A:$A,0))&"",""))
C26: =IF($A26="","",IFERROR(INDEX(Maestro!$C:$C,MATCH($A26,Maestro!$A:$A,0)),"Código no existe")) | D26: =IF($A26="","",IFERROR(INDEX(Maestro!$D:$D,MATCH($A26,Maestro!$A:$A,0))&"","")) | E26: =IF($A26="","",IFERROR(IF(INDEX(Maestro!$I:$I,MATCH($A26,Maestro!$A:$A,0))="Peso","Por libra",TRIM(INDEX(Maestro!$E:$E,MATCH($A26,Maestro!$A:$A,0))&" "&INDEX(Maestro!$F:$F,MATCH($A26,Maestro!$A:$A,0))&" "&INDEX(Maestro!$G:$G,MATCH($A26,Maestro!$A:$A,0)))),"")) | F26: =IF($A26="","",IFERROR(INDEX(Maestro!$H:$H,MATCH($A26,Maestro!$A:$A,0))&"","")) | G26: =IF($A26="","",IFERROR(INDEX(Maestro!$I:$I,MATCH($A26,Maestro!$A:$A,0))&"",""))
... C300: =IF($A300="","",IFERROR(INDEX(Maestro!$C:$C,MATCH($A300,Maestro!$A:$A,0)),"Código no existe")) | D300: =IF($A300="","",IFERROR(INDEX(Maestro!$D:$D,MATCH($A300,Maestro!$A:$A,0))&"","")) | E300: =IF($A300="","",IFERROR(IF(INDEX(Maestro!$I:$I,MATCH($A300,Maestro!$A:$A,0))="Peso","Por libra",TRIM(INDEX(Maestro!$E:$E,MATCH($A300,Maestro!$A:$A,0))&" "&INDEX(Maestro!$F:$F,MATCH($A300,Maestro!$A:$A,0))&" "&INDEX(Maestro!$G:$G,MATCH($A300,Maestro!$A:$A,0)))),"")) | F300: =IF($A300="","",IFERROR(INDEX(Maestro!$H:$H,MATCH($A300,Maestro!$A:$A,0))&"","")) | G300: =IF($A300="","",IFERROR(INDEX(Maestro!$I:$I,MATCH($A300,Maestro!$A:$A,0))&"",""))
